2025-12-04 16:34:16,RadixSort,[long]random_data,1000000,237.792700,3.822998,4008704
2025-12-04 16:34:16,RadixSort,[long]nearly_sorted,1000000,132.713500,3.822998,4008704
2025-12-04 16:34:16,RadixSort,[long]reverse_sorted,1000000,123.890600,3.822998,4008704
2025-12-04 16:34:16,RadixSort,[long]duplicate_data,1000000,236.758800,3.822998,4008704
2025-12-04 16:34:16,QuickSort,[long]random_data,1000000,148.836900,0.008278,8680
2025-12-04 16:34:16,QuickSort,[long]nearly_sorted,1000000,61.530300,0.008278,8680
2025-12-04 16:34:16,QuickSort,[long]reverse_sorted,1000000,47.048300,0.008278,8680
2025-12-04 16:34:17,QuickSort,[long]duplicate_data,1000000,142.201600,0.008278,8680
2025-12-04 16:34:17,MergeSort,[long]random_data,1000000,247.117000,21.156525,22184224
2025-12-04 16:34:17,MergeSort,[long]nearly_sorted,1000000,163.052200,20.726929,21733760
2025-12-04 16:34:17,MergeSort,[long]reverse_sorted,1000000,158.875500,20.726929,21733760
2025-12-04 16:34:17,MergeSort,[long]duplicate_data,1000000,242.410400,20.726929,21733760
2025-12-04 16:34:18,HeapSort,[long]random_data,1000000,323.352200,0.008278,8680
2025-12-04 16:34:18,HeapSort,[long]nearly_sorted,1000000,239.765400,0.008278,8680
2025-12-04 16:34:18,HeapSort,[long]reverse_sorted,1000000,225.657200,0.008278,8680
2025-12-04 16:34:19,HeapSort,[long]duplicate_data,1000000,326.457400,0.008278,8680
2025-12-04 16:34:19,RadixSort,[long]random_data,1000000,229.395100,3.822998,4008704
2025-12-04 16:34:19,RadixSort,[long]nearly_sorted,1000000,127.387200,3.822998,4008704
2025-12-04 16:34:20,RadixSort,[long]reverse_sorted,1000000,120.001000,3.822998,4008704
2025-12-04 16:34:20,RadixSort,[long]duplicate_data,1000000,223.533000,3.822998,4008704
2025-12-04 16:34:20,QuickSort,[long]random_data,1000000,145.489600,0.008278,8680
2025-12-04 16:34:20,QuickSort,[long]nearly_sorted,1000000,60.056700,0.008278,8680
2025-12-04 16:34:20,QuickSort,[long]reverse_sorted,1000000,48.029200,0.008278,8680
2025-12-04 16:34:20,QuickSort,[long]duplicate_data,1000000,140.081800,0.008278,8680
2025-12-04 16:34:20,MergeSort,[long]random_data,1000000,243.555200,21.244202,22276160
2025-12-04 16:34:21,MergeSort,[long]nearly_sorted,1000000,162.618700,20.726929,21733760
2025-12-04 16:34:21,MergeSort,[long]reverse_sorted,1000000,159.592200,20.726929,21733760
2025-12-04 16:34:21,MergeSort,[long]duplicate_data,1000000,246.549600,20.726929,21733760
2025-12-04 16:34:21,HeapSort,[long]random_data,1000000,343.145100,0.008278,8680
2025-12-04 16:34:22,HeapSort,[long]nearly_sorted,1000000,235.981300,0.008278,8680
2025-12-04 16:34:22,HeapSort,[long]reverse_sorted,1000000,226.027900,0.008278,8680
2025-12-04 16:34:22,HeapSort,[long]duplicate_data,1000000,324.643900,0.008278,8680
2025-12-04 16:34:23,RadixSort,[long]random_data,1000000,228.901300,3.822998,4008704
2025-12-04 16:34:23,RadixSort,[long]nearly_sorted,1000000,126.521700,3.822998,4008704
2025-12-04 16:34:23,RadixSort,[long]reverse_sorted,1000000,119.586200,3.822998,4008704
2025-12-04 16:34:23,RadixSort,[long]duplicate_data,1000000,222.567900,3.822998,4008704
2025-12-04 16:34:23,QuickSort,[long]random_data,1000000,143.847300,0.008278,8680
2025-12-04 16:34:24,QuickSort,[long]nearly_sorted,1000000,60.067000,0.008278,8680
2025-12-04 16:34:24,QuickSort,[long]reverse_sorted,1000000,47.144200,0.008278,8680
2025-12-04 16:34:24,QuickSort,[long]duplicate_data,1000000,139.703300,0.008278,8680
2025-12-04 16:34:24,MergeSort,[long]random_data,1000000,243.408900,19.990524,20961584
2025-12-04 16:34:24,MergeSort,[long]nearly_sorted,1000000,162.558100,20.726929,21733760
2025-12-04 16:34:24,MergeSort,[long]reverse_sorted,1000000,157.507000,20.726929,21733760
2025-12-04 16:34:25,MergeSort,[long]duplicate_data,1000000,242.286000,20.726929,21733760
2025-12-04 16:34:25,HeapSort,[long]random_data,1000000,331.817500,0.008278,8680
2025-12-04 16:34:25,HeapSort,[long]nearly_sorted,1000000,234.301300,0.008278,8680
2025-12-04 16:34:25,HeapSort,[long]reverse_sorted,1000000,226.420800,0.008278,8680
2025-12-04 16:34:26,HeapSort,[long]duplicate_data,1000000,327.411000,0.008278,8680
2025-12-04 16:34:26,RadixSort,[long]random_data,1000000,229.377100,3.822998,4008704
2025-12-04 16:34:26,RadixSort,[long]nearly_sorted,1000000,130.396100,3.822998,4008704
2025-12-04 16:34:27,RadixSort,[long]reverse_sorted,1000000,118.601200,3.822998,4008704
2025-12-04 16:34:27,RadixSort,[long]duplicate_data,1000000,223.288300,3.822998,4008704
2025-12-04 16:34:27,QuickSort,[long]random_data,1000000,143.777600,0.008278,8680
2025-12-04 16:34:27,QuickSort,[long]nearly_sorted,1000000,60.307200,0.008278,8680
2025-12-04 16:34:27,QuickSort,[long]reverse_sorted,1000000,46.078200,0.008278,8680
2025-12-04 16:34:27,QuickSort,[long]duplicate_data,1000000,137.870100,0.008278,8680
2025-12-04 16:34:27,MergeSort,[long]random_data,1000000,245.077300,19.990524,20961584
2025-12-04 16:34:28,MergeSort,[long]nearly_sorted,1000000,163.194800,20.726929,21733760
2025-12-04 16:34:28,MergeSort,[long]reverse_sorted,1000000,158.139700,20.726929,21733760
2025-12-04 16:34:28,MergeSort,[long]duplicate_data,1000000,242.163100,20.726929,21733760
2025-12-04 16:34:28,HeapSort,[long]random_data,1000000,328.247100,0.008278,8680
2025-12-04 16:34:29,HeapSort,[long]nearly_sorted,1000000,238.142500,0.008278,8680
2025-12-04 16:34:29,HeapSort,[long]reverse_sorted,1000000,225.373000,0.008278,8680
2025-12-04 16:34:29,HeapSort,[long]duplicate_data,1000000,326.537600,0.008278,8680
2025-12-04 16:34:30,RadixSort,[long]random_data,1000000,229.333600,3.822998,4008704
2025-12-04 16:34:30,RadixSort,[long]nearly_sorted,1000000,128.966800,3.822998,4008704
2025-12-04 16:34:30,RadixSort,[long]reverse_sorted,1000000,118.407100,3.822998,4008704
2025-12-04 16:34:30,RadixSort,[long]duplicate_data,1000000,223.357100,3.822998,4008704
2025-12-04 16:34:30,QuickSort,[long]random_data,1000000,144.456000,0.008278,8680
2025-12-04 16:34:30,QuickSort,[long]nearly_sorted,1000000,60.742000,0.008278,8680
2025-12-04 16:34:31,QuickSort,[long]reverse_sorted,1000000,46.229700,0.008278,8680
2025-12-04 16:34:31,QuickSort,[long]duplicate_data,1000000,139.935700,0.008278,8680
2025-12-04 16:34:31,MergeSort,[long]random_data,1000000,247.139600,20.633492,21635784
2025-12-04 16:34:31,MergeSort,[long]nearly_sorted,1000000,163.659500,20.726929,21733760
2025-12-04 16:34:31,MergeSort,[long]reverse_sorted,1000000,158.372300,20.726929,21733760
2025-12-04 16:34:31,MergeSort,[long]duplicate_data,1000000,243.129100,20.726929,21733760
2025-12-04 16:34:32,HeapSort,[long]random_data,1000000,330.054400,0.008278,8680
2025-12-04 16:34:32,HeapSort,[long]nearly_sorted,1000000,237.067400,0.008278,8680
2025-12-04 16:34:32,HeapSort,[long]reverse_sorted,1000000,224.889100,0.008278,8680
2025-12-04 16:34:33,HeapSort,[long]duplicate_data,1000000,326.607700,0.008278,8680
2025-12-04 16:34:33,RadixSort,[long]random_data,1000000,229.071400,3.822998,4008704
2025-12-04 16:34:33,RadixSort,[long]nearly_sorted,1000000,128.111200,3.822998,4008704
2025-12-04 16:34:34,RadixSort,[long]reverse_sorted,1000000,119.186600,3.822998,4008704
2025-12-04 16:34:34,RadixSort,[long]duplicate_data,1000000,223.585600,3.822998,4008704
2025-12-04 16:34:34,QuickSort,[long]random_data,1000000,144.825800,0.008278,8680
2025-12-04 16:34:34,QuickSort,[long]nearly_sorted,1000000,60.419100,0.008278,8680
2025-12-04 16:34:34,QuickSort,[long]reverse_sorted,1000000,46.279800,0.008278,8680
2025-12-04 16:34:34,QuickSort,[long]duplicate_data,1000000,142.833400,0.008278,8680
2025-12-04 16:34:34,MergeSort,[long]random_data,1000000,244.460600,20.988045,22007560
2025-12-04 16:34:35,MergeSort,[long]nearly_sorted,1000000,162.572400,20.726929,21733760
2025-12-04 16:34:35,MergeSort,[long]reverse_sorted,1000000,160.778100,20.726929,21733760
2025-12-04 16:34:35,MergeSort,[long]duplicate_data,1000000,244.142700,20.726929,21733760
2025-12-04 16:34:35,HeapSort,[long]random_data,1000000,327.916500,0.008278,8680
2025-12-04 16:34:36,HeapSort,[long]nearly_sorted,1000000,235.257000,0.008278,8680
2025-12-04 16:34:36,HeapSort,[long]reverse_sorted,1000000,225.366700,0.008278,8680
2025-12-04 16:34:36,HeapSort,[long]duplicate_data,1000000,333.042500,0.008278,8680
2025-12-04 16:34:37,RadixSort,[long]random_data,1000000,229.478400,3.822998,4008704
2025-12-04 16:34:37,RadixSort,[long]nearly_sorted,1000000,130.386300,3.822998,4008704
2025-12-04 16:34:37,RadixSort,[long]reverse_sorted,1000000,118.573500,3.822998,4008704
2025-12-04 16:34:37,RadixSort,[long]duplicate_data,1000000,222.399200,3.822998,4008704
2025-12-04 16:34:37,QuickSort,[long]random_data,1000000,145.754400,0.008278,8680
2025-12-04 16:34:38,QuickSort,[long]nearly_sorted,1000000,59.975800,0.008278,8680
2025-12-04 16:34:38,QuickSort,[long]reverse_sorted,1000000,46.153600,0.008278,8680
2025-12-04 16:34:38,QuickSort,[long]duplicate_data,1000000,138.372000,0.008278,8680
2025-12-04 16:34:38,MergeSort,[long]random_data,1000000,243.467400,20.444351,21437456
2025-12-04 16:34:38,MergeSort,[long]nearly_sorted,1000000,163.450400,20.726929,21733760
2025-12-04 16:34:38,MergeSort,[long]reverse_sorted,1000000,158.568100,20.726929,21733760
2025-12-04 16:34:39,MergeSort,[long]duplicate_data,1000000,246.335100,20.726929,21733760
2025-12-04 16:34:39,HeapSort,[long]random_data,1000000,334.880600,0.008278,8680
2025-12-04 16:34:39,HeapSort,[long]nearly_sorted,1000000,237.156100,0.008278,8680
2025-12-04 16:34:39,HeapSort,[long]reverse_sorted,1000000,226.574500,0.008278,8680
2025-12-04 16:34:40,HeapSort,[long]duplicate_data,1000000,327.395600,0.008278,8680
2025-12-04 16:34:40,RadixSort,[long]random_data,1000000,229.187700,3.822998,4008704
2025-12-04 16:34:40,RadixSort,[long]nearly_sorted,1000000,128.281300,3.822998,4008704
2025-12-04 16:34:41,RadixSort,[long]reverse_sorted,1000000,118.778300,3.822998,4008704
2025-12-04 16:34:41,RadixSort,[long]duplicate_data,1000000,223.959900,3.822998,4008704
2025-12-04 16:34:41,QuickSort,[long]random_data,1000000,144.613800,0.008278,8680
2025-12-04 16:34:41,QuickSort,[long]nearly_sorted,1000000,60.196200,0.008278,8680
2025-12-04 16:34:41,QuickSort,[long]reverse_sorted,1000000,46.288400,0.008278,8680
2025-12-04 16:34:41,QuickSort,[long]duplicate_data,1000000,139.414000,0.008278,8680
2025-12-04 16:34:41,MergeSort,[long]random_data,1000000,243.567300,19.990524,20961584
2025-12-04 16:34:42,MergeSort,[long]nearly_sorted,1000000,163.438200,20.726929,21733760
2025-12-04 16:34:42,MergeSort,[long]reverse_sorted,1000000,157.164300,20.726929,21733760
2025-12-04 16:34:42,MergeSort,[long]duplicate_data,1000000,245.677200,20.726929,21733760
2025-12-04 16:34:42,HeapSort,[long]random_data,1000000,327.167000,0.008278,8680
2025-12-04 16:34:43,HeapSort,[long]nearly_sorted,1000000,235.645000,0.008278,8680
2025-12-04 16:34:43,HeapSort,[long]reverse_sorted,1000000,228.106000,0.008278,8680
2025-12-04 16:34:43,HeapSort,[long]duplicate_data,1000000,330.099300,0.008278,8680
2025-12-04 16:34:44,RadixSort,[long]random_data,1000000,230.986800,3.822998,4008704
2025-12-04 16:34:44,RadixSort,[long]nearly_sorted,1000000,128.257400,3.822998,4008704
2025-12-04 16:34:44,RadixSort,[long]reverse_sorted,1000000,120.708300,3.822998,4008704
2025-12-04 16:34:44,RadixSort,[long]duplicate_data,1000000,224.362100,3.822998,4008704
2025-12-04 16:34:44,QuickSort,[long]random_data,1000000,142.939700,0.008278,8680
2025-12-04 16:34:45,QuickSort,[long]nearly_sorted,1000000,60.861100,0.008278,8680
2025-12-04 16:34:45,QuickSort,[long]reverse_sorted,1000000,46.855000,0.008278,8680
2025-12-04 16:34:45,QuickSort,[long]duplicate_data,1000000,139.543200,0.008278,8680
2025-12-04 16:34:45,MergeSort,[long]random_data,1000000,244.956800,20.444321,21437424
2025-12-04 16:34:45,MergeSort,[long]nearly_sorted,1000000,165.927700,20.726929,21733760
2025-12-04 16:34:45,MergeSort,[long]reverse_sorted,1000000,156.669000,20.726929,21733760
2025-12-04 16:34:46,MergeSort,[long]duplicate_data,1000000,245.858800,20.726929,21733760
2025-12-04 16:34:46,HeapSort,[long]random_data,1000000,328.085400,0.008278,8680
2025-12-04 16:34:46,HeapSort,[long]nearly_sorted,1000000,238.457400,0.008278,8680
2025-12-04 16:34:46,HeapSort,[long]reverse_sorted,1000000,225.800700,0.008278,8680
2025-12-04 16:34:47,HeapSort,[long]duplicate_data,1000000,325.151200,0.008278,8680
2025-12-04 16:34:47,RadixSort,[long]random_data,1000000,232.730800,3.822998,4008704
2025-12-04 16:34:47,RadixSort,[long]nearly_sorted,1000000,127.024200,3.822998,4008704
2025-12-04 16:34:48,RadixSort,[long]reverse_sorted,1000000,118.645800,3.822998,4008704
2025-12-04 16:34:48,RadixSort,[long]duplicate_data,1000000,227.044200,3.822998,4008704
2025-12-04 16:34:48,QuickSort,[long]random_data,1000000,146.439200,0.008278,8680
2025-12-04 16:34:48,QuickSort,[long]nearly_sorted,1000000,60.149400,0.008278,8680
2025-12-04 16:34:48,QuickSort,[long]reverse_sorted,1000000,46.375000,0.008278,8680
2025-12-04 16:34:48,QuickSort,[long]duplicate_data,1000000,139.994700,0.008278,8680
2025-12-04 16:34:48,MergeSort,[long]random_data,1000000,247.559700,20.634209,21636536
2025-12-04 16:34:49,MergeSort,[long]nearly_sorted,1000000,164.593200,20.726929,21733760
2025-12-04 16:34:49,MergeSort,[long]reverse_sorted,1000000,158.839800,20.726929,21733760
2025-12-04 16:34:49,MergeSort,[long]duplicate_data,1000000,244.748300,20.726929,21733760
2025-12-04 16:34:49,HeapSort,[long]random_data,1000000,336.142000,0.008278,8680
2025-12-04 16:34:50,HeapSort,[long]nearly_sorted,1000000,235.149400,0.008278,8680
2025-12-04 16:34:50,HeapSort,[long]reverse_sorted,1000000,227.295500,0.008278,8680
2025-12-04 16:34:50,HeapSort,[long]duplicate_data,1000000,329.568600,0.008278,8680
2025-12-04 16:34:51,RadixSort,[long]random_data,1000000,230.825100,3.822998,4008704
2025-12-04 16:34:51,RadixSort,[long]nearly_sorted,1000000,128.735600,3.822998,4008704
2025-12-04 16:34:51,RadixSort,[long]reverse_sorted,1000000,118.538100,3.822998,4008704
2025-12-04 16:34:51,RadixSort,[long]duplicate_data,1000000,223.999600,3.822998,4008704
2025-12-04 16:34:51,QuickSort,[long]random_data,1000000,143.564500,0.008278,8680
2025-12-04 16:34:52,QuickSort,[long]nearly_sorted,1000000,59.985100,0.008278,8680
2025-12-04 16:34:52,QuickSort,[long]reverse_sorted,1000000,46.247300,0.008278,8680
2025-12-04 16:34:52,QuickSort,[long]duplicate_data,1000000,138.804200,0.008278,8680
2025-12-04 16:34:52,MergeSort,[long]random_data,1000000,243.575000,19.990524,20961584
2025-12-04 16:34:52,MergeSort,[long]nearly_sorted,1000000,162.410200,20.726929,21733760
2025-12-04 16:34:52,MergeSort,[long]reverse_sorted,1000000,159.308700,20.726929,21733760
2025-12-04 16:34:53,MergeSort,[long]duplicate_data,1000000,243.079100,20.726929,21733760
2025-12-04 16:34:53,HeapSort,[long]random_data,1000000,328.802600,0.008278,8680
2025-12-04 16:34:53,HeapSort,[long]nearly_sorted,1000000,237.965400,0.008278,8680
2025-12-04 16:34:53,HeapSort,[long]reverse_sorted,1000000,224.523700,0.008278,8680
2025-12-04 16:34:54,HeapSort,[long]duplicate_data,1000000,327.969000,0.008278,8680
2025-12-04 16:34:54,RadixSort,[long]random_data,1000000,230.537000,3.822998,4008704
2025-12-04 16:34:54,RadixSort,[long]nearly_sorted,1000000,129.421400,3.822998,4008704
2025-12-04 16:34:55,RadixSort,[long]reverse_sorted,1000000,120.777800,3.822998,4008704
2025-12-04 16:34:55,RadixSort,[long]duplicate_data,1000000,223.848500,3.822998,4008704
2025-12-04 16:34:55,QuickSort,[long]random_data,1000000,145.668900,0.008278,8680
2025-12-04 16:34:55,QuickSort,[long]nearly_sorted,1000000,59.972700,0.008278,8680
2025-12-04 16:34:55,QuickSort,[long]reverse_sorted,1000000,46.289800,0.008278,8680
2025-12-04 16:34:55,QuickSort,[long]duplicate_data,1000000,139.413600,0.008278,8680
2025-12-04 16:34:55,MergeSort,[long]random_data,1000000,246.245800,19.990219,20961264
2025-12-04 16:34:56,MergeSort,[long]nearly_sorted,1000000,163.382600,20.726929,21733760
2025-12-04 16:34:56,MergeSort,[long]reverse_sorted,1000000,157.112200,20.726929,21733760
2025-12-04 16:34:56,MergeSort,[long]duplicate_data,1000000,242.550200,20.726929,21733760
2025-12-04 16:34:56,HeapSort,[long]random_data,1000000,329.419000,0.008278,8680
2025-12-04 16:34:57,HeapSort,[long]nearly_sorted,1000000,237.404700,0.008278,8680
2025-12-04 16:34:57,HeapSort,[long]reverse_sorted,1000000,225.512000,0.008278,8680
2025-12-04 16:34:57,HeapSort,[long]duplicate_data,1000000,327.706500,0.008278,8680
2025-12-04 16:34:58,RadixSort,[long]random_data,1000000,231.082300,3.822998,4008704
2025-12-04 16:34:58,RadixSort,[long]nearly_sorted,1000000,127.803000,3.822998,4008704
2025-12-04 16:34:58,RadixSort,[long]reverse_sorted,1000000,119.342200,3.822998,4008704
2025-12-04 16:34:58,RadixSort,[long]duplicate_data,1000000,226.834600,3.822998,4008704
2025-12-04 16:34:58,QuickSort,[long]random_data,1000000,143.871300,0.008278,8680
2025-12-04 16:34:59,QuickSort,[long]nearly_sorted,1000000,59.798200,0.008278,8680
2025-12-04 16:34:59,QuickSort,[long]reverse_sorted,1000000,46.189800,0.008278,8680
2025-12-04 16:34:59,QuickSort,[long]duplicate_data,1000000,140.695400,0.008278,8680
2025-12-04 16:34:59,MergeSort,[long]random_data,1000000,243.780400,20.263412,21247728
2025-12-04 16:34:59,MergeSort,[long]nearly_sorted,1000000,162.940500,20.726929,21733760
2025-12-04 16:34:59,MergeSort,[long]reverse_sorted,1000000,157.501000,20.726929,21733760
2025-12-04 16:35:00,MergeSort,[long]duplicate_data,1000000,248.036600,20.726929,21733760
2025-12-04 16:35:00,HeapSort,[long]random_data,1000000,328.234200,0.008278,8680
2025-12-04 16:35:00,HeapSort,[long]nearly_sorted,1000000,236.972800,0.008278,8680
2025-12-04 16:35:00,HeapSort,[long]reverse_sorted,1000000,226.976400,0.008278,8680
2025-12-04 16:35:01,HeapSort,[long]duplicate_data,1000000,330.461700,0.008278,8680
2025-12-04 16:35:01,RadixSort,[long]random_data,1000000,229.279400,3.822998,4008704
2025-12-04 16:35:02,RadixSort,[long]nearly_sorted,1000000,127.386100,3.822998,4008704
2025-12-04 16:35:02,RadixSort,[long]reverse_sorted,1000000,121.091700,3.822998,4008704
2025-12-04 16:35:02,RadixSort,[long]duplicate_data,1000000,229.651700,3.822998,4008704
2025-12-04 16:35:02,QuickSort,[long]random_data,1000000,142.738800,0.008278,8680
2025-12-04 16:35:02,QuickSort,[long]nearly_sorted,1000000,60.208300,0.008278,8680
2025-12-04 16:35:02,QuickSort,[long]reverse_sorted,1000000,46.268800,0.008278,8680
2025-12-04 16:35:02,QuickSort,[long]duplicate_data,1000000,139.412300,0.008278,8680
2025-12-04 16:35:03,MergeSort,[long]random_data,1000000,242.024100,19.990524,20961584
2025-12-04 16:35:03,MergeSort,[long]nearly_sorted,1000000,163.245700,20.726929,21733760
2025-12-04 16:35:03,MergeSort,[long]reverse_sorted,1000000,158.429700,20.726929,21733760
2025-12-04 16:35:03,MergeSort,[long]duplicate_data,1000000,244.570100,20.726929,21733760
2025-12-04 16:35:03,HeapSort,[long]random_data,1000000,330.613500,0.008278,8680
2025-12-04 16:35:04,HeapSort,[long]nearly_sorted,1000000,236.571500,0.008278,8680
2025-12-04 16:35:04,HeapSort,[long]reverse_sorted,1000000,228.944100,0.008278,8680
2025-12-04 16:35:04,HeapSort,[long]duplicate_data,1000000,326.549800,0.008278,8680
2025-12-04 16:35:05,RadixSort,[long]random_data,1000000,231.295000,3.822998,4008704
2025-12-04 16:35:05,RadixSort,[long]nearly_sorted,1000000,128.078700,3.822998,4008704
2025-12-04 16:35:05,RadixSort,[long]reverse_sorted,1000000,118.811200,3.822998,4008704
2025-12-04 16:35:05,RadixSort,[long]duplicate_data,1000000,224.102100,3.822998,4008704
2025-12-04 16:35:06,QuickSort,[long]random_data,1000000,146.463100,0.008278,8680
2025-12-04 16:35:06,QuickSort,[long]nearly_sorted,1000000,60.197400,0.008278,8680
2025-12-04 16:35:06,QuickSort,[long]reverse_sorted,1000000,46.166500,0.008278,8680
2025-12-04 16:35:06,QuickSort,[long]duplicate_data,1000000,140.158200,0.008278,8680
2025-12-04 16:35:06,MergeSort,[long]random_data,1000000,244.526900,19.990524,20961584
2025-12-04 16:35:06,MergeSort,[long]nearly_sorted,1000000,162.646400,20.726929,21733760
2025-12-04 16:35:06,MergeSort,[long]reverse_sorted,1000000,156.982400,20.726929,21733760
2025-12-04 16:35:07,MergeSort,[long]duplicate_data,1000000,243.058800,20.726929,21733760
2025-12-04 16:35:07,HeapSort,[long]random_data,1000000,333.960400,0.008278,8680
2025-12-04 16:35:07,HeapSort,[long]nearly_sorted,1000000,234.310300,0.008278,8680
2025-12-04 16:35:07,HeapSort,[long]reverse_sorted,1000000,226.700200,0.008278,8680
2025-12-04 16:35:08,HeapSort,[long]duplicate_data,1000000,328.493400,0.008278,8680
2025-12-04 16:35:08,RadixSort,[long]random_data,1000000,232.176800,3.822998,4008704
2025-12-04 16:35:09,RadixSort,[long]nearly_sorted,1000000,128.321600,3.822998,4008704
2025-12-04 16:35:09,RadixSort,[long]reverse_sorted,1000000,119.293600,3.822998,4008704
2025-12-04 16:35:09,RadixSort,[long]duplicate_data,1000000,224.617900,3.822998,4008704
2025-12-04 16:35:09,QuickSort,[long]random_data,1000000,146.187400,0.008278,8680
2025-12-04 16:35:09,QuickSort,[long]nearly_sorted,1000000,60.764700,0.008278,8680
2025-12-04 16:35:09,QuickSort,[long]reverse_sorted,1000000,46.284500,0.008278,8680
2025-12-04 16:35:09,QuickSort,[long]duplicate_data,1000000,141.445300,0.008278,8680
2025-12-04 16:35:10,MergeSort,[long]random_data,1000000,243.930600,20.898827,21914008
2025-12-04 16:35:10,MergeSort,[long]nearly_sorted,1000000,162.928800,20.726929,21733760
2025-12-04 16:35:10,MergeSort,[long]reverse_sorted,1000000,157.237200,20.726929,21733760
2025-12-04 16:35:10,MergeSort,[long]duplicate_data,1000000,245.513200,20.726929,21733760
2025-12-04 16:35:10,HeapSort,[long]random_data,1000000,328.178700,0.008278,8680
2025-12-04 16:35:11,HeapSort,[long]nearly_sorted,1000000,237.233500,0.008278,8680
2025-12-04 16:35:11,HeapSort,[long]reverse_sorted,1000000,227.573900,0.008278,8680
2025-12-04 16:35:11,HeapSort,[long]duplicate_data,1000000,334.854600,0.008278,8680
2025-12-04 16:35:12,RadixSort,[long]random_data,1000000,231.064900,3.822998,4008704
2025-12-04 16:35:12,RadixSort,[long]nearly_sorted,1000000,127.282200,3.822998,4008704
2025-12-04 16:35:12,RadixSort,[long]reverse_sorted,1000000,119.883700,3.822998,4008704
2025-12-04 16:35:12,RadixSort,[long]duplicate_data,1000000,226.191400,3.822998,4008704
2025-12-04 16:35:13,QuickSort,[long]random_data,1000000,145.665200,0.008278,8680
2025-12-04 16:35:13,QuickSort,[long]nearly_sorted,1000000,60.213800,0.008278,8680
2025-12-04 16:35:13,QuickSort,[long]reverse_sorted,1000000,46.930200,0.008278,8680
2025-12-04 16:35:13,QuickSort,[long]duplicate_data,1000000,141.055300,0.008278,8680
2025-12-04 16:35:13,MergeSort,[long]random_data,1000000,246.485300,19.990524,20961584
2025-12-04 16:35:13,MergeSort,[long]nearly_sorted,1000000,163.583900,20.726929,21733760
2025-12-04 16:35:13,MergeSort,[long]reverse_sorted,1000000,158.921000,20.726929,21733760
2025-12-04 16:35:14,MergeSort,[long]duplicate_data,1000000,244.898700,20.726929,21733760
2025-12-04 16:35:14,HeapSort,[long]random_data,1000000,332.443000,0.008278,8680
2025-12-04 16:35:14,HeapSort,[long]nearly_sorted,1000000,236.355400,0.008278,8680
2025-12-04 16:35:14,HeapSort,[long]reverse_sorted,1000000,230.280000,0.008278,8680
2025-12-04 16:35:15,HeapSort,[long]duplicate_data,1000000,327.334800,0.008278,8680
2025-12-04 16:35:15,RadixSort,[long]random_data,1000000,232.092800,3.822998,4008704
2025-12-04 16:35:16,RadixSort,[long]nearly_sorted,1000000,127.935100,3.822998,4008704
2025-12-04 16:35:16,RadixSort,[long]reverse_sorted,1000000,120.844600,3.822998,4008704
2025-12-04 16:35:16,RadixSort,[long]duplicate_data,1000000,224.925600,3.822998,4008704
2025-12-04 16:35:16,QuickSort,[long]random_data,1000000,144.679200,0.008278,8680
2025-12-04 16:35:16,QuickSort,[long]nearly_sorted,1000000,60.842100,0.008278,8680
2025-12-04 16:35:16,QuickSort,[long]reverse_sorted,1000000,46.210200,0.008278,8680
2025-12-04 16:35:16,QuickSort,[long]duplicate_data,1000000,137.471000,0.008278,8680
2025-12-04 16:35:17,MergeSort,[long]random_data,1000000,244.287100,20.261047,21245248
2025-12-04 16:35:17,MergeSort,[long]nearly_sorted,1000000,164.755400,20.726929,21733760
2025-12-04 16:35:17,MergeSort,[long]reverse_sorted,1000000,158.640900,20.726929,21733760
2025-12-04 16:35:17,MergeSort,[long]duplicate_data,1000000,245.112500,20.726929,21733760
2025-12-04 16:35:17,HeapSort,[long]random_data,1000000,329.545800,0.008278,8680
2025-12-04 16:35:18,HeapSort,[long]nearly_sorted,1000000,237.510600,0.008278,8680
2025-12-04 16:35:18,HeapSort,[long]reverse_sorted,1000000,227.132100,0.008278,8680
2025-12-04 16:35:18,HeapSort,[long]duplicate_data,1000000,327.720400,0.008278,8680
2025-12-04 16:35:19,RadixSort,[long]random_data,1000000,229.683400,3.822998,4008704
2025-12-04 16:35:19,RadixSort,[long]nearly_sorted,1000000,131.168200,3.822998,4008704
2025-12-04 16:35:19,RadixSort,[long]reverse_sorted,1000000,120.078200,3.822998,4008704
2025-12-04 16:35:19,RadixSort,[long]duplicate_data,1000000,227.846200,3.822998,4008704
2025-12-04 16:35:20,QuickSort,[long]random_data,1000000,146.265900,0.008278,8680
2025-12-04 16:35:20,QuickSort,[long]nearly_sorted,1000000,60.707500,0.008278,8680
2025-12-04 16:35:20,QuickSort,[long]reverse_sorted,1000000,46.271500,0.008278,8680
2025-12-04 16:35:20,QuickSort,[long]duplicate_data,1000000,138.922600,0.008278,8680
2025-12-04 16:35:20,MergeSort,[long]random_data,1000000,243.210700,20.263412,21247728
2025-12-04 16:35:20,MergeSort,[long]nearly_sorted,1000000,164.922800,20.726929,21733760
2025-12-04 16:35:20,MergeSort,[long]reverse_sorted,1000000,159.566900,20.726929,21733760
2025-12-04 16:35:21,MergeSort,[long]duplicate_data,1000000,243.190200,20.726929,21733760
2025-12-04 16:35:21,HeapSort,[long]random_data,1000000,330.064600,0.008278,8680
2025-12-04 16:35:21,HeapSort,[long]nearly_sorted,1000000,237.860800,0.008278,8680
2025-12-04 16:35:21,HeapSort,[long]reverse_sorted,1000000,228.422400,0.008278,8680
2025-12-04 16:35:22,HeapSort,[long]duplicate_data,1000000,340.988900,0.008278,8680
2025-12-04 16:35:22,RadixSort,[long]random_data,1000000,235.001500,3.822998,4008704
2025-12-04 16:35:23,RadixSort,[long]nearly_sorted,1000000,127.449900,3.822998,4008704
2025-12-04 16:35:23,RadixSort,[long]reverse_sorted,1000000,120.342100,3.822998,4008704
2025-12-04 16:35:23,RadixSort,[long]duplicate_data,1000000,224.673000,3.822998,4008704
2025-12-04 16:35:23,QuickSort,[long]random_data,1000000,146.401000,0.008278,8680
2025-12-04 16:35:23,QuickSort,[long]nearly_sorted,1000000,60.939600,0.008278,8680
2025-12-04 16:35:23,QuickSort,[long]reverse_sorted,1000000,46.218900,0.008278,8680
2025-12-04 16:35:23,QuickSort,[long]duplicate_data,1000000,141.123200,0.008278,8680
2025-12-04 16:35:24,MergeSort,[long]random_data,1000000,245.193500,19.990524,20961584
2025-12-04 16:35:24,MergeSort,[long]nearly_sorted,1000000,164.375800,20.726929,21733760
2025-12-04 16:35:24,MergeSort,[long]reverse_sorted,1000000,157.455100,20.726929,21733760
2025-12-04 16:35:24,MergeSort,[long]duplicate_data,1000000,243.368500,20.726929,21733760
2025-12-04 16:35:24,HeapSort,[long]random_data,1000000,335.608700,0.008278,8680
2025-12-04 16:35:25,HeapSort,[long]nearly_sorted,1000000,236.084200,0.008278,8680
2025-12-04 16:35:25,HeapSort,[long]reverse_sorted,1000000,227.351600,0.008278,8680
2025-12-04 16:35:25,HeapSort,[long]duplicate_data,1000000,327.477200,0.008278,8680
2025-12-04 16:35:26,RadixSort,[long]random_data,1000000,233.692000,3.822998,4008704
2025-12-04 16:35:26,RadixSort,[long]nearly_sorted,1000000,128.235900,3.822998,4008704
2025-12-04 16:35:26,RadixSort,[long]reverse_sorted,1000000,121.785100,3.822998,4008704
2025-12-04 16:35:26,RadixSort,[long]duplicate_data,1000000,224.279200,3.822998,4008704
2025-12-04 16:35:27,QuickSort,[long]random_data,1000000,145.401500,0.008278,8680
2025-12-04 16:35:27,QuickSort,[long]nearly_sorted,1000000,60.920900,0.008278,8680
2025-12-04 16:35:27,QuickSort,[long]reverse_sorted,1000000,46.627000,0.008278,8680
2025-12-04 16:35:27,QuickSort,[long]duplicate_data,1000000,140.030300,0.008278,8680
2025-12-04 16:35:27,MergeSort,[long]random_data,1000000,246.527000,20.344818,21333088
2025-12-04 16:35:27,MergeSort,[long]nearly_sorted,1000000,166.187700,20.726929,21733760
2025-12-04 16:35:27,MergeSort,[long]reverse_sorted,1000000,158.121900,20.726929,21733760
2025-12-04 16:35:28,MergeSort,[long]duplicate_data,1000000,248.152300,20.726929,21733760
2025-12-04 16:35:28,HeapSort,[long]random_data,1000000,370.016800,0.008278,8680
2025-12-04 16:35:28,HeapSort,[long]nearly_sorted,1000000,238.996300,0.008278,8680
2025-12-04 16:35:29,HeapSort,[long]reverse_sorted,1000000,231.092700,0.008278,8680
2025-12-04 16:35:29,HeapSort,[long]duplicate_data,1000000,360.886000,0.008278,8680
2025-12-04 16:35:30,RadixSort,[long]random_data,1000000,230.601600,3.822998,4008704
2025-12-04 16:35:30,RadixSort,[long]nearly_sorted,1000000,132.754300,3.822998,4008704
2025-12-04 16:35:30,RadixSort,[long]reverse_sorted,1000000,125.207200,3.822998,4008704
2025-12-04 16:35:30,RadixSort,[long]duplicate_data,1000000,224.974600,3.822998,4008704
2025-12-04 16:35:30,QuickSort,[long]random_data,1000000,144.839600,0.008278,8680
2025-12-04 16:35:30,QuickSort,[long]nearly_sorted,1000000,60.420200,0.008278,8680
2025-12-04 16:35:30,QuickSort,[long]reverse_sorted,1000000,46.617900,0.008278,8680
2025-12-04 16:35:30,QuickSort,[long]duplicate_data,1000000,140.147900,0.008278,8680
2025-12-04 16:35:31,MergeSort,[long]random_data,1000000,245.927700,19.990524,20961584
2025-12-04 16:35:31,MergeSort,[long]nearly_sorted,1000000,163.655800,20.726929,21733760
2025-12-04 16:35:31,MergeSort,[long]reverse_sorted,1000000,155.480000,20.726929,21733760
2025-12-04 16:35:31,MergeSort,[long]duplicate_data,1000000,244.408600,20.726929,21733760
2025-12-04 16:35:32,HeapSort,[long]random_data,1000000,320.544300,0.008278,8680
2025-12-04 16:35:32,HeapSort,[long]nearly_sorted,1000000,238.292000,0.008278,8680
2025-12-04 16:35:32,HeapSort,[long]reverse_sorted,1000000,225.805400,0.008278,8680
2025-12-04 16:35:32,HeapSort,[long]duplicate_data,1000000,344.312200,0.008278,8680
2025-12-04 16:35:33,RadixSort,[long]random_data,1000000,237.138500,3.822998,4008704
2025-12-04 16:35:33,RadixSort,[long]nearly_sorted,1000000,128.943000,3.822998,4008704
2025-12-04 16:35:33,RadixSort,[long]reverse_sorted,1000000,120.374600,3.822998,4008704
2025-12-04 16:35:34,RadixSort,[long]duplicate_data,1000000,223.866400,3.822998,4008704
2025-12-04 16:35:34,QuickSort,[long]random_data,1000000,145.747600,0.008278,8680
2025-12-04 16:35:34,QuickSort,[long]nearly_sorted,1000000,61.285300,0.008278,8680
2025-12-04 16:35:34,QuickSort,[long]reverse_sorted,1000000,46.413300,0.008278,8680
2025-12-04 16:35:34,QuickSort,[long]duplicate_data,1000000,141.066300,0.008278,8680
2025-12-04 16:35:34,MergeSort,[long]random_data,1000000,243.120600,19.990524,20961584
2025-12-04 16:35:34,MergeSort,[long]nearly_sorted,1000000,166.727500,20.726929,21733760
2025-12-04 16:35:35,MergeSort,[long]reverse_sorted,1000000,155.091900,20.726929,21733760
2025-12-04 16:35:35,MergeSort,[long]duplicate_data,1000000,251.359200,20.726929,21733760
2025-12-04 16:35:35,HeapSort,[long]random_data,1000000,331.320500,0.008278,8680
2025-12-04 16:35:35,HeapSort,[long]nearly_sorted,1000000,238.398000,0.008278,8680
2025-12-04 16:35:36,HeapSort,[long]reverse_sorted,1000000,229.691600,0.008278,8680
2025-12-04 16:35:36,HeapSort,[long]duplicate_data,1000000,332.591900,0.008278,8680
2025-12-04 16:35:37,RadixSort,[long]random_data,1000000,227.655300,3.822998,4008704
2025-12-04 16:35:37,RadixSort,[long]nearly_sorted,1000000,130.249000,3.822998,4008704
2025-12-04 16:35:37,RadixSort,[long]reverse_sorted,1000000,121.505900,3.822998,4008704
2025-12-04 16:35:37,RadixSort,[long]duplicate_data,1000000,223.667200,3.822998,4008704
2025-12-04 16:35:37,QuickSort,[long]random_data,1000000,144.492300,0.008278,8680
2025-12-04 16:35:37,QuickSort,[long]nearly_sorted,1000000,60.617200,0.008278,8680
2025-12-04 16:35:37,QuickSort,[long]reverse_sorted,1000000,46.255300,0.008278,8680
2025-12-04 16:35:38,QuickSort,[long]duplicate_data,1000000,141.437900,0.008278,8680
2025-12-04 16:35:38,MergeSort,[long]random_data,1000000,242.126200,20.344879,21333152
2025-12-04 16:35:38,MergeSort,[long]nearly_sorted,1000000,162.632200,20.726929,21733760
2025-12-04 16:35:38,MergeSort,[long]reverse_sorted,1000000,156.347000,20.726929,21733760
2025-12-04 16:35:38,MergeSort,[long]duplicate_data,1000000,245.052800,20.726929,21733760
2025-12-04 16:35:39,HeapSort,[long]random_data,1000000,322.636800,0.008278,8680
2025-12-04 16:35:39,HeapSort,[long]nearly_sorted,1000000,238.064400,0.008278,8680
2025-12-04 16:35:39,HeapSort,[long]reverse_sorted,1000000,225.964600,0.008278,8680
2025-12-04 16:35:39,HeapSort,[long]duplicate_data,1000000,322.607000,0.008278,8680
2025-12-04 16:35:40,RadixSort,[long]random_data,1000000,233.305600,3.822998,4008704
2025-12-04 16:35:40,RadixSort,[long]nearly_sorted,1000000,127.957200,3.822998,4008704
2025-12-04 16:35:40,RadixSort,[long]reverse_sorted,1000000,119.874000,3.822998,4008704
2025-12-04 16:35:41,RadixSort,[long]duplicate_data,1000000,226.427500,3.822998,4008704
2025-12-04 16:35:41,QuickSort,[long]random_data,1000000,145.098100,0.008278,8680
2025-12-04 16:35:41,QuickSort,[long]nearly_sorted,1000000,60.679400,0.008278,8680
2025-12-04 16:35:41,QuickSort,[long]reverse_sorted,1000000,46.268900,0.008278,8680
2025-12-04 16:35:41,QuickSort,[long]duplicate_data,1000000,140.543000,0.008278,8680
2025-12-04 16:35:41,MergeSort,[long]random_data,1000000,242.788500,19.990288,20961336
2025-12-04 16:35:41,MergeSort,[long]nearly_sorted,1000000,160.491400,20.726929,21733760
2025-12-04 16:35:42,MergeSort,[long]reverse_sorted,1000000,155.305600,20.726929,21733760
2025-12-04 16:35:42,MergeSort,[long]duplicate_data,1000000,247.004300,20.726929,21733760
2025-12-04 16:35:42,HeapSort,[long]random_data,1000000,327.632800,0.008278,8680
2025-12-04 16:35:42,HeapSort,[long]nearly_sorted,1000000,237.706700,0.008278,8680
2025-12-04 16:35:43,HeapSort,[long]reverse_sorted,1000000,227.469100,0.008278,8680
2025-12-04 16:35:43,HeapSort,[long]duplicate_data,1000000,336.732400,0.008278,8680
2025-12-04 16:35:44,RadixSort,[long]random_data,1000000,231.918000,3.822998,4008704
2025-12-04 16:35:44,RadixSort,[long]nearly_sorted,1000000,129.282800,3.822998,4008704
2025-12-04 16:35:44,RadixSort,[long]reverse_sorted,1000000,120.813900,3.822998,4008704
2025-12-04 16:35:44,RadixSort,[long]duplicate_data,1000000,224.879600,3.822998,4008704
2025-12-04 16:35:44,QuickSort,[long]random_data,1000000,145.980700,0.008278,8680
2025-12-04 16:35:44,QuickSort,[long]nearly_sorted,1000000,60.659400,0.008278,8680
2025-12-04 16:35:44,QuickSort,[long]reverse_sorted,1000000,46.470700,0.008278,8680
2025-12-04 16:35:45,QuickSort,[long]duplicate_data,1000000,138.402800,0.008278,8680
2025-12-04 16:35:45,MergeSort,[long]random_data,1000000,243.340000,19.990524,20961584
2025-12-04 16:35:45,MergeSort,[long]nearly_sorted,1000000,160.831400,20.726929,21733760
2025-12-04 16:35:45,MergeSort,[long]reverse_sorted,1000000,155.174600,20.726929,21733760
2025-12-04 16:35:45,MergeSort,[long]duplicate_data,1000000,243.917400,20.726929,21733760
2025-12-04 16:35:46,HeapSort,[long]random_data,1000000,320.615100,0.008278,8680
2025-12-04 16:35:46,HeapSort,[long]nearly_sorted,1000000,236.356500,0.008278,8680
2025-12-04 16:35:46,HeapSort,[long]reverse_sorted,1000000,226.268700,0.008278,8680
2025-12-04 16:35:46,HeapSort,[long]duplicate_data,1000000,335.522900,0.008278,8680
2025-12-04 16:35:47,RadixSort,[long]random_data,1000000,230.131300,3.822998,4008704
2025-12-04 16:35:47,RadixSort,[long]nearly_sorted,1000000,128.158600,3.822998,4008704
2025-12-04 16:35:47,RadixSort,[long]reverse_sorted,1000000,119.014900,3.822998,4008704
2025-12-04 16:35:48,RadixSort,[long]duplicate_data,1000000,225.018300,3.822998,4008704
2025-12-04 16:35:48,QuickSort,[long]random_data,1000000,150.422200,0.008278,8680
2025-12-04 16:35:48,QuickSort,[long]nearly_sorted,1000000,61.111000,0.008278,8680
2025-12-04 16:35:48,QuickSort,[long]reverse_sorted,1000000,46.346300,0.008278,8680
2025-12-04 16:35:48,QuickSort,[long]duplicate_data,1000000,138.164500,0.008278,8680
2025-12-04 16:35:48,MergeSort,[long]random_data,1000000,242.144200,20.636902,21639360
2025-12-04 16:35:48,MergeSort,[long]nearly_sorted,1000000,163.997400,20.726929,21733760
2025-12-04 16:35:49,MergeSort,[long]reverse_sorted,1000000,156.566400,20.726929,21733760
2025-12-04 16:35:49,MergeSort,[long]duplicate_data,1000000,247.443500,20.726929,21733760
2025-12-04 16:35:49,HeapSort,[long]random_data,1000000,331.853700,0.008278,8680
2025-12-04 16:35:49,HeapSort,[long]nearly_sorted,1000000,237.702900,0.008278,8680
2025-12-04 16:35:50,HeapSort,[long]reverse_sorted,1000000,226.310600,0.008278,8680
2025-12-04 16:35:50,HeapSort,[long]duplicate_data,1000000,326.367500,0.008278,8680
2025-12-04 16:35:51,RadixSort,[long]random_data,1000000,232.053800,3.822998,4008704
2025-12-04 16:35:51,RadixSort,[long]nearly_sorted,1000000,128.734700,3.822998,4008704
2025-12-04 16:35:51,RadixSort,[long]reverse_sorted,1000000,119.871400,3.822998,4008704
2025-12-04 16:35:51,RadixSort,[long]duplicate_data,1000000,223.701000,3.822998,4008704
2025-12-04 16:35:51,QuickSort,[long]random_data,1000000,145.022000,0.008278,8680
2025-12-04 16:35:51,QuickSort,[long]nearly_sorted,1000000,60.668200,0.008278,8680
2025-12-04 16:35:51,QuickSort,[long]reverse_sorted,1000000,47.182800,0.008278,8680
2025-12-04 16:35:52,QuickSort,[long]duplicate_data,1000000,139.827800,0.008278,8680
2025-12-04 16:35:52,MergeSort,[long]random_data,1000000,241.117900,20.636925,21639384
2025-12-04 16:35:52,MergeSort,[long]nearly_sorted,1000000,161.669200,20.726929,21733760
2025-12-04 16:35:52,MergeSort,[long]reverse_sorted,1000000,155.056400,20.726929,21733760
2025-12-04 16:35:52,MergeSort,[long]duplicate_data,1000000,239.561600,20.726929,21733760
2025-12-04 16:35:53,HeapSort,[long]random_data,1000000,322.509600,0.008278,8680
2025-12-04 16:35:53,HeapSort,[long]nearly_sorted,1000000,238.001500,0.008278,8680
2025-12-04 16:35:53,HeapSort,[long]reverse_sorted,1000000,228.541300,0.008278,8680
2025-12-04 16:35:53,HeapSort,[long]duplicate_data,1000000,333.042900,0.008278,8680
2025-12-04 16:35:54,RadixSort,[long]random_data,1000000,233.471200,3.822998,4008704
2025-12-04 16:35:54,RadixSort,[long]nearly_sorted,1000000,128.857300,3.822998,4008704
2025-12-04 16:35:54,RadixSort,[long]reverse_sorted,1000000,120.937900,3.822998,4008704
2025-12-04 16:35:55,RadixSort,[long]duplicate_data,1000000,225.425400,3.822998,4008704
2025-12-04 16:35:55,QuickSort,[long]random_data,1000000,143.553100,0.008278,8680
2025-12-04 16:35:55,QuickSort,[long]nearly_sorted,1000000,60.254700,0.008278,8680
2025-12-04 16:35:55,QuickSort,[long]reverse_sorted,1000000,46.585300,0.008278,8680
2025-12-04 16:35:55,QuickSort,[long]duplicate_data,1000000,140.210700,0.008278,8680
2025-12-04 16:35:55,MergeSort,[long]random_data,1000000,243.999200,20.898827,21914008
2025-12-04 16:35:55,MergeSort,[long]nearly_sorted,1000000,165.797700,20.726929,21733760
2025-12-04 16:35:56,MergeSort,[long]reverse_sorted,1000000,156.274200,20.726929,21733760
2025-12-04 16:35:56,MergeSort,[long]duplicate_data,1000000,241.712400,20.726929,21733760
2025-12-04 16:35:56,HeapSort,[long]random_data,1000000,321.703700,0.008278,8680
2025-12-04 16:35:56,HeapSort,[long]nearly_sorted,1000000,235.697100,0.008278,8680
2025-12-04 16:35:57,HeapSort,[long]reverse_sorted,1000000,226.476900,0.008278,8680
2025-12-04 16:35:57,HeapSort,[long]duplicate_data,1000000,319.234500,0.008278,8680
2025-12-04 16:35:58,RadixSort,[long]random_data,1000000,229.483800,3.822998,4008704
2025-12-04 16:35:58,RadixSort,[long]nearly_sorted,1000000,125.992700,3.822998,4008704
2025-12-04 16:35:58,RadixSort,[long]reverse_sorted,1000000,120.985900,3.822998,4008704
2025-12-04 16:35:58,RadixSort,[long]duplicate_data,1000000,225.139400,3.822998,4008704
2025-12-04 16:35:58,QuickSort,[long]random_data,1000000,144.365000,0.008278,8680
2025-12-04 16:35:58,QuickSort,[long]nearly_sorted,1000000,60.107000,0.008278,8680
2025-12-04 16:35:58,QuickSort,[long]reverse_sorted,1000000,46.307400,0.008278,8680
2025-12-04 16:35:58,QuickSort,[long]duplicate_data,1000000,140.690500,0.008278,8680
2025-12-04 16:35:59,MergeSort,[long]random_data,1000000,246.820800,20.633232,21635512
2025-12-04 16:35:59,MergeSort,[long]nearly_sorted,1000000,165.650900,20.726929,21733760
2025-12-04 16:35:59,MergeSort,[long]reverse_sorted,1000000,160.527600,20.726929,21733760
2025-12-04 16:35:59,MergeSort,[long]duplicate_data,1000000,241.744700,20.726929,21733760
2025-12-04 16:36:00,HeapSort,[long]random_data,1000000,335.698200,0.008278,8680
2025-12-04 16:36:00,HeapSort,[long]nearly_sorted,1000000,237.314600,0.008278,8680
2025-12-04 16:36:00,HeapSort,[long]reverse_sorted,1000000,228.467400,0.008278,8680
2025-12-04 16:36:00,HeapSort,[long]duplicate_data,1000000,321.763200,0.008278,8680
2025-12-04 16:36:01,RadixSort,[long]random_data,1000000,229.502200,3.822998,4008704
2025-12-04 16:36:01,RadixSort,[long]nearly_sorted,1000000,128.700500,3.822998,4008704
2025-12-04 16:36:01,RadixSort,[long]reverse_sorted,1000000,119.296000,3.822998,4008704
2025-12-04 16:36:02,RadixSort,[long]duplicate_data,1000000,223.664700,3.822998,4008704
2025-12-04 16:36:02,QuickSort,[long]random_data,1000000,144.904300,0.008278,8680
2025-12-04 16:36:02,QuickSort,[long]nearly_sorted,1000000,60.785600,0.008278,8680
2025-12-04 16:36:02,QuickSort,[long]reverse_sorted,1000000,50.663800,0.008278,8680
2025-12-04 16:36:02,QuickSort,[long]duplicate_data,1000000,139.168200,0.008278,8680
2025-12-04 16:36:02,MergeSort,[long]random_data,1000000,250.005700,19.990524,20961584
2025-12-04 16:36:02,MergeSort,[long]nearly_sorted,1000000,163.706800,20.726929,21733760
2025-12-04 16:36:03,MergeSort,[long]reverse_sorted,1000000,154.712300,20.726929,21733760
2025-12-04 16:36:03,MergeSort,[long]duplicate_data,1000000,241.151600,20.726929,21733760
2025-12-04 16:36:03,HeapSort,[long]random_data,1000000,322.444900,0.008278,8680
2025-12-04 16:36:03,HeapSort,[long]nearly_sorted,1000000,237.692600,0.008278,8680
2025-12-04 16:36:04,HeapSort,[long]reverse_sorted,1000000,227.559300,0.008278,8680
2025-12-04 16:36:04,HeapSort,[long]duplicate_data,1000000,323.854200,0.008278,8680
2025-12-04 16:36:05,RadixSort,[long]random_data,1000000,228.886000,3.822998,4008704
2025-12-04 16:36:05,RadixSort,[long]nearly_sorted,1000000,129.852200,3.822998,4008704
2025-12-04 16:36:05,RadixSort,[long]reverse_sorted,1000000,122.990300,3.822998,4008704
2025-12-04 16:36:05,RadixSort,[long]duplicate_data,1000000,223.613400,3.822998,4008704
2025-12-04 16:36:05,QuickSort,[long]random_data,1000000,148.732000,0.008278,8680
2025-12-04 16:36:05,QuickSort,[long]nearly_sorted,1000000,61.756400,0.008278,8680
2025-12-04 16:36:05,QuickSort,[long]reverse_sorted,1000000,46.642400,0.008278,8680
2025-12-04 16:36:05,QuickSort,[long]duplicate_data,1000000,139.365500,0.008278,8680
2025-12-04 16:36:06,MergeSort,[long]random_data,1000000,245.698700,19.990524,20961584
2025-12-04 16:36:06,MergeSort,[long]nearly_sorted,1000000,164.116700,20.726929,21733760
2025-12-04 16:36:06,MergeSort,[long]reverse_sorted,1000000,155.238900,20.726929,21733760
2025-12-04 16:36:06,MergeSort,[long]duplicate_data,1000000,240.126900,20.726929,21733760
2025-12-04 16:36:07,HeapSort,[long]random_data,1000000,323.123000,0.008278,8680
2025-12-04 16:36:07,HeapSort,[long]nearly_sorted,1000000,238.122500,0.008278,8680
2025-12-04 16:36:07,HeapSort,[long]reverse_sorted,1000000,228.325400,0.008278,8680
2025-12-04 16:36:07,HeapSort,[long]duplicate_data,1000000,327.808000,0.008278,8680
2025-12-04 16:36:08,RadixSort,[long]random_data,1000000,228.145200,3.822998,4008704
2025-12-04 16:36:08,RadixSort,[long]nearly_sorted,1000000,127.027100,3.822998,4008704
2025-12-04 16:36:08,RadixSort,[long]reverse_sorted,1000000,118.677100,3.822998,4008704
2025-12-04 16:36:09,RadixSort,[long]duplicate_data,1000000,224.298000,3.822998,4008704
2025-12-04 16:36:09,QuickSort,[long]random_data,1000000,144.325300,0.008278,8680
2025-12-04 16:36:09,QuickSort,[long]nearly_sorted,1000000,60.358600,0.008278,8680
2025-12-04 16:36:09,QuickSort,[long]reverse_sorted,1000000,46.505900,0.008278,8680
2025-12-04 16:36:09,QuickSort,[long]duplicate_data,1000000,139.202800,0.008278,8680
2025-12-04 16:36:09,MergeSort,[long]random_data,1000000,241.560900,20.898827,21914008
2025-12-04 16:36:09,MergeSort,[long]nearly_sorted,1000000,160.773000,20.726929,21733760
2025-12-04 16:36:10,MergeSort,[long]reverse_sorted,1000000,155.485300,20.726929,21733760
2025-12-04 16:36:10,MergeSort,[long]duplicate_data,1000000,244.419900,20.726929,21733760
2025-12-04 16:36:10,HeapSort,[long]random_data,1000000,337.717700,0.008278,8680
2025-12-04 16:36:10,HeapSort,[long]nearly_sorted,1000000,236.922400,0.008278,8680
2025-12-04 16:36:11,HeapSort,[long]reverse_sorted,1000000,226.377100,0.008278,8680
2025-12-04 16:36:11,HeapSort,[long]duplicate_data,1000000,325.790500,0.008278,8680
2025-12-04 16:36:12,RadixSort,[long]random_data,1000000,229.343400,3.822998,4008704
2025-12-04 16:36:12,RadixSort,[long]nearly_sorted,1000000,127.939500,3.822998,4008704
2025-12-04 16:36:12,RadixSort,[long]reverse_sorted,1000000,121.533400,3.822998,4008704
2025-12-04 16:36:12,RadixSort,[long]duplicate_data,1000000,227.146100,3.822998,4008704
2025-12-04 16:36:12,QuickSort,[long]random_data,1000000,145.151100,0.008278,8680
2025-12-04 16:36:12,QuickSort,[long]nearly_sorted,1000000,60.261400,0.008278,8680
2025-12-04 16:36:12,QuickSort,[long]reverse_sorted,1000000,46.284500,0.008278,8680
2025-12-04 16:36:12,QuickSort,[long]duplicate_data,1000000,140.218300,0.008278,8680
2025-12-04 16:36:13,MergeSort,[long]random_data,1000000,248.087600,19.990524,20961584
2025-12-04 16:36:13,MergeSort,[long]nearly_sorted,1000000,164.076000,20.726929,21733760
2025-12-04 16:36:13,MergeSort,[long]reverse_sorted,1000000,155.077300,20.726929,21733760
2025-12-04 16:36:13,MergeSort,[long]duplicate_data,1000000,241.211500,20.726929,21733760
2025-12-04 16:36:14,HeapSort,[long]random_data,1000000,322.137200,0.008278,8680
2025-12-04 16:36:14,HeapSort,[long]nearly_sorted,1000000,234.866600,0.008278,8680
2025-12-04 16:36:14,HeapSort,[long]reverse_sorted,1000000,225.387800,0.008278,8680
2025-12-04 16:36:14,HeapSort,[long]duplicate_data,1000000,337.042900,0.008278,8680
2025-12-04 16:36:15,RadixSort,[long]random_data,1000000,231.460700,3.822998,4008704
2025-12-04 16:36:15,RadixSort,[long]nearly_sorted,1000000,129.952500,3.822998,4008704
2025-12-04 16:36:15,RadixSort,[long]reverse_sorted,1000000,119.540500,3.822998,4008704
2025-12-04 16:36:16,RadixSort,[long]duplicate_data,1000000,225.551200,3.822998,4008704
2025-12-04 16:36:16,QuickSort,[long]random_data,1000000,146.150300,0.008278,8680
2025-12-04 16:36:16,QuickSort,[long]nearly_sorted,1000000,62.074900,0.008278,8680
2025-12-04 16:36:16,QuickSort,[long]reverse_sorted,1000000,47.580400,0.008278,8680
2025-12-04 16:36:16,QuickSort,[long]duplicate_data,1000000,140.483800,0.008278,8680
2025-12-04 16:36:16,MergeSort,[long]random_data,1000000,243.975900,20.076180,21051400
2025-12-04 16:36:16,MergeSort,[long]nearly_sorted,1000000,167.735500,20.726929,21733760
2025-12-04 16:36:17,MergeSort,[long]reverse_sorted,1000000,160.032000,20.726929,21733760
2025-12-04 16:36:17,MergeSort,[long]duplicate_data,1000000,243.028500,20.726929,21733760
2025-12-04 16:36:17,HeapSort,[long]random_data,1000000,341.067800,0.008278,8680
2025-12-04 16:36:17,HeapSort,[long]nearly_sorted,1000000,237.828100,0.008278,8680
2025-12-04 16:36:18,HeapSort,[long]reverse_sorted,1000000,225.584100,0.008278,8680
2025-12-04 16:36:18,HeapSort,[long]duplicate_data,1000000,351.019400,0.008278,8680
2025-12-04 16:36:19,RadixSort,[long]random_data,1000000,229.140100,3.822998,4008704
2025-12-04 16:36:19,RadixSort,[long]nearly_sorted,1000000,128.611200,3.822998,4008704
2025-12-04 16:36:19,RadixSort,[long]reverse_sorted,1000000,118.853500,3.822998,4008704
2025-12-04 16:36:19,RadixSort,[long]duplicate_data,1000000,224.624900,3.822998,4008704
2025-12-04 16:36:19,QuickSort,[long]random_data,1000000,144.701000,0.008278,8680
2025-12-04 16:36:19,QuickSort,[long]nearly_sorted,1000000,61.804700,0.008278,8680
2025-12-04 16:36:19,QuickSort,[long]reverse_sorted,1000000,47.797000,0.008278,8680
2025-12-04 16:36:20,QuickSort,[long]duplicate_data,1000000,142.925100,0.008278,8680
2025-12-04 16:36:20,MergeSort,[long]random_data,1000000,251.096000,19.990524,20961584
2025-12-04 16:36:20,MergeSort,[long]nearly_sorted,1000000,165.152100,20.726929,21733760
2025-12-04 16:36:20,MergeSort,[long]reverse_sorted,1000000,157.613400,20.726929,21733760
2025-12-04 16:36:20,MergeSort,[long]duplicate_data,1000000,250.238200,20.726929,21733760
2025-12-04 16:36:21,HeapSort,[long]random_data,1000000,350.113600,0.008278,8680
2025-12-04 16:36:21,HeapSort,[long]nearly_sorted,1000000,237.205000,0.008278,8680
2025-12-04 16:36:21,HeapSort,[long]reverse_sorted,1000000,229.638600,0.008278,8680
2025-12-04 16:36:22,HeapSort,[long]duplicate_data,1000000,338.870500,0.008278,8680
2025-12-04 16:36:22,RadixSort,[long]random_data,1000000,231.034700,3.822998,4008704
2025-12-04 16:36:22,RadixSort,[long]nearly_sorted,1000000,131.367900,3.822998,4008704
2025-12-04 16:36:22,RadixSort,[long]reverse_sorted,1000000,121.036300,3.822998,4008704
2025-12-04 16:36:23,RadixSort,[long]duplicate_data,1000000,224.124500,3.822998,4008704
2025-12-04 16:36:23,QuickSort,[long]random_data,1000000,145.621600,0.008278,8680
2025-12-04 16:36:23,QuickSort,[long]nearly_sorted,1000000,60.080200,0.008278,8680
2025-12-04 16:36:23,QuickSort,[long]reverse_sorted,1000000,46.353800,0.008278,8680
2025-12-04 16:36:23,QuickSort,[long]duplicate_data,1000000,137.396900,0.008278,8680
2025-12-04 16:36:23,MergeSort,[long]random_data,1000000,243.035500,19.990562,20961624
2025-12-04 16:36:23,MergeSort,[long]nearly_sorted,1000000,162.062400,20.726929,21733760
2025-12-04 16:36:24,MergeSort,[long]reverse_sorted,1000000,160.928800,20.726929,21733760
2025-12-04 16:36:24,MergeSort,[long]duplicate_data,1000000,245.523600,20.726929,21733760
2025-12-04 16:36:24,HeapSort,[long]random_data,1000000,329.900200,0.008278,8680
2025-12-04 16:36:24,HeapSort,[long]nearly_sorted,1000000,237.721700,0.008278,8680
2025-12-04 16:36:25,HeapSort,[long]reverse_sorted,1000000,229.898600,0.008278,8680
2025-12-04 16:36:25,HeapSort,[long]duplicate_data,1000000,332.304100,0.008278,8680
2025-12-04 16:36:26,RadixSort,[long]random_data,1000000,230.495900,3.822998,4008704
2025-12-04 16:36:26,RadixSort,[long]nearly_sorted,1000000,127.621300,3.822998,4008704
2025-12-04 16:36:26,RadixSort,[long]reverse_sorted,1000000,118.564300,3.822998,4008704
2025-12-04 16:36:26,RadixSort,[long]duplicate_data,1000000,224.791400,3.822998,4008704
2025-12-04 16:36:26,QuickSort,[long]random_data,1000000,145.022300,0.008278,8680
2025-12-04 16:36:26,QuickSort,[long]nearly_sorted,1000000,60.218000,0.008278,8680
2025-12-04 16:36:26,QuickSort,[long]reverse_sorted,1000000,46.385200,0.008278,8680
2025-12-04 16:36:27,QuickSort,[long]duplicate_data,1000000,140.110900,0.008278,8680
2025-12-04 16:36:27,MergeSort,[long]random_data,1000000,242.433500,20.421944,21413960
2025-12-04 16:36:27,MergeSort,[long]nearly_sorted,1000000,161.756100,20.726929,21733760
2025-12-04 16:36:27,MergeSort,[long]reverse_sorted,1000000,154.810100,20.726929,21733760
2025-12-04 16:36:27,MergeSort,[long]duplicate_data,1000000,243.609700,20.726929,21733760
2025-12-04 16:36:28,HeapSort,[long]random_data,1000000,337.395400,0.008278,8680
2025-12-04 16:36:28,HeapSort,[long]nearly_sorted,1000000,236.530000,0.008278,8680
2025-12-04 16:36:28,HeapSort,[long]reverse_sorted,1000000,227.259500,0.008278,8680
2025-12-04 16:36:29,HeapSort,[long]duplicate_data,1000000,324.260100,0.008278,8680
2025-12-04 16:36:29,RadixSort,[long]random_data,1000000,233.030000,3.822998,4008704
2025-12-04 16:36:29,RadixSort,[long]nearly_sorted,1000000,128.474600,3.822998,4008704
2025-12-04 16:36:29,RadixSort,[long]reverse_sorted,1000000,119.118000,3.822998,4008704
2025-12-04 16:36:30,RadixSort,[long]duplicate_data,1000000,225.086900,3.822998,4008704
2025-12-04 16:36:30,QuickSort,[long]random_data,1000000,151.885400,0.008278,8680
2025-12-04 16:36:30,QuickSort,[long]nearly_sorted,1000000,60.403300,0.008278,8680
2025-12-04 16:36:30,QuickSort,[long]reverse_sorted,1000000,46.533900,0.008278,8680
2025-12-04 16:36:30,QuickSort,[long]duplicate_data,1000000,138.660400,0.008278,8680
2025-12-04 16:36:30,MergeSort,[long]random_data,1000000,248.157800,20.263451,21247768
2025-12-04 16:36:31,MergeSort,[long]nearly_sorted,1000000,161.045000,20.726929,21733760
2025-12-04 16:36:31,MergeSort,[long]reverse_sorted,1000000,158.067700,20.726929,21733760
2025-12-04 16:36:31,MergeSort,[long]duplicate_data,1000000,241.005000,20.726929,21733760
2025-12-04 16:36:31,HeapSort,[long]random_data,1000000,327.900300,0.008278,8680
2025-12-04 16:36:31,HeapSort,[long]nearly_sorted,1000000,236.400100,0.008278,8680
2025-12-04 16:36:32,HeapSort,[long]reverse_sorted,1000000,226.575000,0.008278,8680
2025-12-04 16:36:32,HeapSort,[long]duplicate_data,1000000,332.843200,0.008278,8680
2025-12-04 16:36:33,RadixSort,[long]random_data,1000000,234.159900,3.822998,4008704
2025-12-04 16:36:33,RadixSort,[long]nearly_sorted,1000000,130.161400,3.822998,4008704
2025-12-04 16:36:33,RadixSort,[long]reverse_sorted,1000000,119.051200,3.822998,4008704
2025-12-04 16:36:33,RadixSort,[long]duplicate_data,1000000,223.724800,3.822998,4008704
2025-12-04 16:36:33,QuickSort,[long]random_data,1000000,145.641900,0.008278,8680
2025-12-04 16:36:33,QuickSort,[long]nearly_sorted,1000000,60.016900,0.008278,8680
2025-12-04 16:36:33,QuickSort,[long]reverse_sorted,1000000,46.465900,0.008278,8680
2025-12-04 16:36:34,QuickSort,[long]duplicate_data,1000000,139.827600,0.008278,8680
2025-12-04 16:36:34,MergeSort,[long]random_data,1000000,245.391300,20.344818,21333088
2025-12-04 16:36:34,MergeSort,[long]nearly_sorted,1000000,161.028000,20.726929,21733760
2025-12-04 16:36:34,MergeSort,[long]reverse_sorted,1000000,158.964200,20.726929,21733760
2025-12-04 16:36:34,MergeSort,[long]duplicate_data,1000000,241.132900,20.726929,21733760
2025-12-04 16:36:35,HeapSort,[long]random_data,1000000,321.224500,0.008278,8680
2025-12-04 16:36:35,HeapSort,[long]nearly_sorted,1000000,236.191400,0.008278,8680
2025-12-04 16:36:35,HeapSort,[long]reverse_sorted,1000000,228.101600,0.008278,8680
2025-12-04 16:36:36,HeapSort,[long]duplicate_data,1000000,330.070800,0.008278,8680
2025-12-04 16:36:36,RadixSort,[long]random_data,1000000,230.927500,3.822998,4008704
2025-12-04 16:36:36,RadixSort,[long]nearly_sorted,1000000,127.717400,3.822998,4008704
2025-12-04 16:36:36,RadixSort,[long]reverse_sorted,1000000,121.381400,3.822998,4008704
2025-12-04 16:36:37,RadixSort,[long]duplicate_data,1000000,224.716400,3.822998,4008704
2025-12-04 16:36:37,QuickSort,[long]random_data,1000000,145.795400,0.008278,8680
2025-12-04 16:36:37,QuickSort,[long]nearly_sorted,1000000,60.294300,0.008278,8680
2025-12-04 16:36:37,QuickSort,[long]reverse_sorted,1000000,46.325300,0.008278,8680
2025-12-04 16:36:37,QuickSort,[long]duplicate_data,1000000,140.730600,0.008278,8680
2025-12-04 16:36:37,MergeSort,[long]random_data,1000000,247.964300,20.636925,21639384
2025-12-04 16:36:38,MergeSort,[long]nearly_sorted,1000000,161.101700,20.726929,21733760
2025-12-04 16:36:38,MergeSort,[long]reverse_sorted,1000000,156.261100,20.726929,21733760
2025-12-04 16:36:38,MergeSort,[long]duplicate_data,1000000,244.408200,20.726929,21733760
2025-12-04 16:36:38,HeapSort,[long]random_data,1000000,328.623100,0.008278,8680
2025-12-04 16:36:38,HeapSort,[long]nearly_sorted,1000000,237.092500,0.008278,8680
2025-12-04 16:36:39,HeapSort,[long]reverse_sorted,1000000,225.901300,0.008278,8680
2025-12-04 16:36:39,HeapSort,[long]duplicate_data,1000000,334.228500,0.008278,8680
2025-12-04 16:36:40,RadixSort,[long]random_data,1000000,229.851600,3.822998,4008704
2025-12-04 16:36:40,RadixSort,[long]nearly_sorted,1000000,126.773300,3.822998,4008704
2025-12-04 16:36:40,RadixSort,[long]reverse_sorted,1000000,119.403400,3.822998,4008704
2025-12-04 16:36:40,RadixSort,[long]duplicate_data,1000000,226.683200,3.822998,4008704
2025-12-04 16:36:40,QuickSort,[long]random_data,1000000,145.010200,0.008278,8680
2025-12-04 16:36:40,QuickSort,[long]nearly_sorted,1000000,60.209200,0.008278,8680
2025-12-04 16:36:40,QuickSort,[long]reverse_sorted,1000000,46.339300,0.008278,8680
2025-12-04 16:36:41,QuickSort,[long]duplicate_data,1000000,139.652400,0.008278,8680
2025-12-04 16:36:41,MergeSort,[long]random_data,1000000,241.984100,19.990669,20961736
2025-12-04 16:36:41,MergeSort,[long]nearly_sorted,1000000,161.628000,20.726929,21733760
2025-12-04 16:36:41,MergeSort,[long]reverse_sorted,1000000,155.470400,20.726929,21733760
2025-12-04 16:36:41,MergeSort,[long]duplicate_data,1000000,241.260400,20.726929,21733760
2025-12-04 16:36:42,HeapSort,[long]random_data,1000000,328.054700,0.008278,8680
2025-12-04 16:36:42,HeapSort,[long]nearly_sorted,1000000,238.141900,0.008278,8680
2025-12-04 16:36:42,HeapSort,[long]reverse_sorted,1000000,228.121300,0.008278,8680
2025-12-04 16:36:43,HeapSort,[long]duplicate_data,1000000,318.919200,0.008278,8680
2025-12-04 16:36:43,RadixSort,[long]random_data,1000000,229.936900,3.822998,4008704
2025-12-04 16:36:43,RadixSort,[long]nearly_sorted,1000000,129.268500,3.822998,4008704
2025-12-04 16:36:43,RadixSort,[long]reverse_sorted,1000000,119.926500,3.822998,4008704
2025-12-04 16:36:44,RadixSort,[long]duplicate_data,1000000,226.101700,3.822998,4008704
2025-12-04 16:36:44,QuickSort,[long]random_data,1000000,145.981200,0.008278,8680
2025-12-04 16:36:44,QuickSort,[long]nearly_sorted,1000000,60.399100,0.008278,8680
2025-12-04 16:36:44,QuickSort,[long]reverse_sorted,1000000,49.483900,0.008278,8680
2025-12-04 16:36:44,QuickSort,[long]duplicate_data,1000000,140.356600,0.008278,8680
2025-12-04 16:36:44,MergeSort,[long]random_data,1000000,246.008300,19.990524,20961584
2025-12-04 16:36:44,MergeSort,[long]nearly_sorted,1000000,165.436400,20.726929,21733760
2025-12-04 16:36:45,MergeSort,[long]reverse_sorted,1000000,157.567800,20.726929,21733760
2025-12-04 16:36:45,MergeSort,[long]duplicate_data,1000000,244.864700,20.726929,21733760
2025-12-04 16:36:45,HeapSort,[long]random_data,1000000,340.132100,0.008278,8680
2025-12-04 16:36:45,HeapSort,[long]nearly_sorted,1000000,240.671800,0.008278,8680
2025-12-04 16:36:46,HeapSort,[long]reverse_sorted,1000000,230.639700,0.008278,8680
2025-12-04 16:36:46,HeapSort,[long]duplicate_data,1000000,329.185100,0.008278,8680
2025-12-04 16:36:47,RadixSort,[long]random_data,1000000,230.604200,3.822998,4008704
2025-12-04 16:36:47,RadixSort,[long]nearly_sorted,1000000,129.007400,3.822998,4008704
2025-12-04 16:36:47,RadixSort,[long]reverse_sorted,1000000,120.972800,3.822998,4008704
2025-12-04 16:36:47,RadixSort,[long]duplicate_data,1000000,224.830700,3.822998,4008704
2025-12-04 16:36:47,QuickSort,[long]random_data,1000000,146.514700,0.008278,8680
2025-12-04 16:36:47,QuickSort,[long]nearly_sorted,1000000,60.634800,0.008278,8680
2025-12-04 16:36:47,QuickSort,[long]reverse_sorted,1000000,46.739000,0.008278,8680
2025-12-04 16:36:48,QuickSort,[long]duplicate_data,1000000,141.873700,0.008278,8680
2025-12-04 16:36:48,MergeSort,[long]random_data,1000000,247.502000,20.261101,21245304
2025-12-04 16:36:48,MergeSort,[long]nearly_sorted,1000000,164.096000,20.726929,21733760
2025-12-04 16:36:48,MergeSort,[long]reverse_sorted,1000000,159.569700,20.726929,21733760
2025-12-04 16:36:48,MergeSort,[long]duplicate_data,1000000,243.690900,20.726929,21733760
2025-12-04 16:36:49,HeapSort,[long]random_data,1000000,330.003000,0.008278,8680
2025-12-04 16:36:49,HeapSort,[long]nearly_sorted,1000000,237.581500,0.008278,8680
2025-12-04 16:36:49,HeapSort,[long]reverse_sorted,1000000,227.757300,0.008278,8680
2025-12-04 16:36:50,HeapSort,[long]duplicate_data,1000000,328.079300,0.008278,8680
2025-12-04 16:36:50,RadixSort,[long]random_data,1000000,232.273300,3.822998,4008704
2025-12-04 16:36:50,RadixSort,[long]nearly_sorted,1000000,129.987400,3.822998,4008704
2025-12-04 16:36:50,RadixSort,[long]reverse_sorted,1000000,118.219200,3.822998,4008704
2025-12-04 16:36:51,RadixSort,[long]duplicate_data,1000000,225.602600,3.822998,4008704
2025-12-04 16:36:51,QuickSort,[long]random_data,1000000,146.101200,0.008278,8680
2025-12-04 16:36:51,QuickSort,[long]nearly_sorted,1000000,60.745800,0.008278,8680
2025-12-04 16:36:51,QuickSort,[long]reverse_sorted,1000000,46.637100,0.008278,8680
2025-12-04 16:36:51,QuickSort,[long]duplicate_data,1000000,138.698000,0.008278,8680
2025-12-04 16:36:51,MergeSort,[long]random_data,1000000,245.075300,20.263443,21247760
2025-12-04 16:36:52,MergeSort,[long]nearly_sorted,1000000,165.440400,20.726929,21733760
2025-12-04 16:36:52,MergeSort,[long]reverse_sorted,1000000,162.203800,20.726929,21733760
2025-12-04 16:36:52,MergeSort,[long]duplicate_data,1000000,250.033000,20.726929,21733760
2025-12-04 16:36:52,HeapSort,[long]random_data,1000000,335.766500,0.008278,8680
2025-12-04 16:36:53,HeapSort,[long]nearly_sorted,1000000,238.909500,0.008278,8680
2025-12-04 16:36:53,HeapSort,[long]reverse_sorted,1000000,228.278400,0.008278,8680
2025-12-04 16:36:53,HeapSort,[long]duplicate_data,1000000,344.708000,0.008278,8680
2025-12-04 16:36:54,RadixSort,[long]random_data,1000000,234.076200,3.822998,4008704
2025-12-04 16:36:54,RadixSort,[long]nearly_sorted,1000000,133.413400,3.822998,4008704
2025-12-04 16:36:54,RadixSort,[long]reverse_sorted,1000000,121.858400,3.822998,4008704
2025-12-04 16:36:54,RadixSort,[long]duplicate_data,1000000,228.759300,3.822998,4008704
2025-12-04 16:36:54,QuickSort,[long]random_data,1000000,146.779300,0.008278,8680
2025-12-04 16:36:54,QuickSort,[long]nearly_sorted,1000000,62.784400,0.008278,8680
2025-12-04 16:36:55,QuickSort,[long]reverse_sorted,1000000,47.178800,0.008278,8680
2025-12-04 16:36:55,QuickSort,[long]duplicate_data,1000000,138.131100,0.008278,8680
2025-12-04 16:36:55,MergeSort,[long]random_data,1000000,246.933800,20.633224,21635504
2025-12-04 16:36:55,MergeSort,[long]nearly_sorted,1000000,165.493800,20.726929,21733760
2025-12-04 16:36:55,MergeSort,[long]reverse_sorted,1000000,158.165600,20.726929,21733760
2025-12-04 16:36:56,MergeSort,[long]duplicate_data,1000000,250.291600,20.726929,21733760
2025-12-04 16:36:56,HeapSort,[long]random_data,1000000,337.019300,0.008278,8680
2025-12-04 16:36:56,HeapSort,[long]nearly_sorted,1000000,238.203200,0.008278,8680
2025-12-04 16:36:56,HeapSort,[long]reverse_sorted,1000000,228.043400,0.008278,8680
2025-12-04 16:36:57,HeapSort,[long]duplicate_data,1000000,328.155500,0.008278,8680
2025-12-04 16:36:57,RadixSort,[long]random_data,1000000,230.580000,3.822998,4008704
2025-12-04 16:36:57,RadixSort,[long]nearly_sorted,1000000,128.179600,3.822998,4008704
2025-12-04 16:36:58,RadixSort,[long]reverse_sorted,1000000,119.972500,3.822998,4008704
2025-12-04 16:36:58,RadixSort,[long]duplicate_data,1000000,226.161400,3.822998,4008704
2025-12-04 16:36:58,QuickSort,[long]random_data,1000000,150.523100,0.008278,8680
2025-12-04 16:36:58,QuickSort,[long]nearly_sorted,1000000,60.901800,0.008278,8680
2025-12-04 16:36:58,QuickSort,[long]reverse_sorted,1000000,47.434600,0.008278,8680
2025-12-04 16:36:58,QuickSort,[long]duplicate_data,1000000,141.344500,0.008278,8680
2025-12-04 16:36:58,MergeSort,[long]random_data,1000000,244.699300,19.990524,20961584
2025-12-04 16:36:59,MergeSort,[long]nearly_sorted,1000000,165.520200,20.726929,21733760
2025-12-04 16:36:59,MergeSort,[long]reverse_sorted,1000000,160.839700,20.726929,21733760
2025-12-04 16:36:59,MergeSort,[long]duplicate_data,1000000,243.685200,20.726929,21733760
2025-12-04 16:36:59,HeapSort,[long]random_data,1000000,328.421300,0.008278,8680
2025-12-04 16:37:00,HeapSort,[long]nearly_sorted,1000000,237.418000,0.008278,8680
2025-12-04 16:37:00,HeapSort,[long]reverse_sorted,1000000,226.946400,0.008278,8680
2025-12-04 16:37:00,HeapSort,[long]duplicate_data,1000000,327.096000,0.008278,8680
2025-12-04 16:37:01,RadixSort,[long]random_data,1000000,230.692200,3.822998,4008704
2025-12-04 16:37:01,RadixSort,[long]nearly_sorted,1000000,127.251400,3.822998,4008704
2025-12-04 16:37:01,RadixSort,[long]reverse_sorted,1000000,119.176700,3.822998,4008704
2025-12-04 16:37:01,RadixSort,[long]duplicate_data,1000000,226.761600,3.822998,4008704
2025-12-04 16:37:01,QuickSort,[long]random_data,1000000,147.273000,0.008278,8680
2025-12-04 16:37:02,QuickSort,[long]nearly_sorted,1000000,61.575200,0.008278,8680
2025-12-04 16:37:02,QuickSort,[long]reverse_sorted,1000000,46.612700,0.008278,8680
2025-12-04 16:37:02,QuickSort,[long]duplicate_data,1000000,140.439300,0.008278,8680
2025-12-04 16:37:02,MergeSort,[long]random_data,1000000,246.975400,20.910637,21926392
2025-12-04 16:37:02,MergeSort,[long]nearly_sorted,1000000,166.136700,20.726929,21733760
2025-12-04 16:37:02,MergeSort,[long]reverse_sorted,1000000,158.967400,20.726929,21733760
2025-12-04 16:37:03,MergeSort,[long]duplicate_data,1000000,243.802500,20.726929,21733760
2025-12-04 16:37:03,HeapSort,[long]random_data,1000000,329.610400,0.008278,8680
2025-12-04 16:37:03,HeapSort,[long]nearly_sorted,1000000,236.027600,0.008278,8680
2025-12-04 16:37:03,HeapSort,[long]reverse_sorted,1000000,228.759500,0.008278,8680
2025-12-04 16:37:04,HeapSort,[long]duplicate_data,1000000,329.393600,0.008278,8680
2025-12-04 16:37:04,RadixSort,[long]random_data,1000000,230.420900,3.822998,4008704
2025-12-04 16:37:05,RadixSort,[long]nearly_sorted,1000000,131.214600,3.822998,4008704
2025-12-04 16:37:05,RadixSort,[long]reverse_sorted,1000000,121.133200,3.822998,4008704
2025-12-04 16:37:05,RadixSort,[long]duplicate_data,1000000,226.203400,3.822998,4008704
2025-12-04 16:37:05,QuickSort,[long]random_data,1000000,147.221700,0.008278,8680
2025-12-04 16:37:05,QuickSort,[long]nearly_sorted,1000000,61.109700,0.008278,8680
2025-12-04 16:37:05,QuickSort,[long]reverse_sorted,1000000,46.660300,0.008278,8680
2025-12-04 16:37:05,QuickSort,[long]duplicate_data,1000000,139.943300,0.008278,8680
2025-12-04 16:37:06,MergeSort,[long]random_data,1000000,248.234100,19.990524,20961584
2025-12-04 16:37:06,MergeSort,[long]nearly_sorted,1000000,165.005300,20.726929,21733760
2025-12-04 16:37:06,MergeSort,[long]reverse_sorted,1000000,161.184700,20.726929,21733760
2025-12-04 16:37:06,MergeSort,[long]duplicate_data,1000000,246.293700,20.726929,21733760
2025-12-04 16:37:06,HeapSort,[long]random_data,1000000,329.549900,0.008278,8680
2025-12-04 16:37:07,HeapSort,[long]nearly_sorted,1000000,237.788500,0.008278,8680
2025-12-04 16:37:07,HeapSort,[long]reverse_sorted,1000000,226.962400,0.008278,8680
2025-12-04 16:37:07,HeapSort,[long]duplicate_data,1000000,330.812500,0.008278,8680
2025-12-04 16:37:08,RadixSort,[long]random_data,1000000,231.440500,3.822998,4008704
2025-12-04 16:37:08,RadixSort,[long]nearly_sorted,1000000,128.740100,3.822998,4008704
2025-12-04 16:37:08,RadixSort,[long]reverse_sorted,1000000,119.878300,3.822998,4008704
2025-12-04 16:37:08,RadixSort,[long]duplicate_data,1000000,224.636600,3.822998,4008704
2025-12-04 16:37:09,QuickSort,[long]random_data,1000000,146.928700,0.008278,8680
2025-12-04 16:37:09,QuickSort,[long]nearly_sorted,1000000,62.345600,0.008278,8680
2025-12-04 16:37:09,QuickSort,[long]reverse_sorted,1000000,46.762000,0.008278,8680
2025-12-04 16:37:09,QuickSort,[long]duplicate_data,1000000,140.529200,0.008278,8680
2025-12-04 16:37:09,MergeSort,[long]random_data,1000000,245.455200,20.633232,21635512
2025-12-04 16:37:09,MergeSort,[long]nearly_sorted,1000000,164.945900,20.726929,21733760
2025-12-04 16:37:09,MergeSort,[long]reverse_sorted,1000000,158.187500,20.726929,21733760
2025-12-04 16:37:10,MergeSort,[long]duplicate_data,1000000,244.644600,20.726929,21733760
2025-12-04 16:37:10,HeapSort,[long]random_data,1000000,332.710800,0.008278,8680
2025-12-04 16:37:10,HeapSort,[long]nearly_sorted,1000000,235.379000,0.008278,8680
2025-12-04 16:37:10,HeapSort,[long]reverse_sorted,1000000,227.741100,0.008278,8680
2025-12-04 16:37:11,HeapSort,[long]duplicate_data,1000000,328.448700,0.008278,8680
